<?xml version="1.0" encoding="utf-8"?>
<resources>
    <color name="black">#FF000000</color>
    <color name="gray_light">#ffdbdbdb</color>
    <color name="primary">#2196F3</color>
    <color name="purple_200">#FFBB86FC</color>
    <color name="purple_500">#FF6200EE</color>
    <color name="purple_700">#FF3700B3</color>
    <color name="teal_200">#FF03DAC5</color>
    <color name="teal_700">#FF018786</color>
    <color name="white">#FFFFFFFF</color>
    <string name="app_name">Catatan Keuangan</string>
    <style name="CustomTextAppearance" parent="TextAppearance.Design.Tab">
        <item name="textAllCaps">false</item>
    </style>
    <style name="Theme.HitungPengeluaran" parent="Theme.MaterialComponents.DayNight.NoActionBar">
        
        <item name="colorPrimary">@color/primary</item>
        <item name="colorPrimaryVariant">@color/primary</item>
        <item name="colorOnPrimary">@color/white</item>
        
        <item name="colorSecondary">@color/primary</item>
        <item name="colorSecondaryVariant">@color/primary</item>
        <item name="colorOnSecondary">@color/white</item>
        
        <item name="android:statusBarColor">@color/primary</item>
        
    </style>
</resources>