<?xml version="1.0" encoding="utf-8"?>
<resources>
    <style name="CustomTextAppearance" parent="TextAppearance.Design.Tab">
        <item name="textAllCaps">false</item>
    </style>
    <style name="Theme.HitungPengeluaran" parent="Theme.MaterialComponents.DayNight.NoActionBar">
        
        <item name="colorPrimary">@color/primary</item>
        <item name="colorPrimaryVariant">@color/primary</item>
        <item name="colorOnPrimary">@color/black</item>
        
        <item name="colorSecondary">@color/primary</item>
        <item name="colorSecondaryVariant">@color/primary</item>
        <item name="colorOnSecondary">@color/white</item>
        
        <item name="android:statusBarColor">@color/primary</item>
        
    </style>
</resources>